rt-td,rt-td 2,rt-td href,team-display-link href,team-logo src,team-name,rt-td 3,rt-td 4,rt-td 5,,rt-td 6,rt-td 7,rt-td 8,rt-td 9,rt-td 10,rt-td 11
1,Jack Hughes,https://www.nhl.com/player/jack-hughes-8481559,https://records.nhl.com/njd/franchises/new-jersey-devils/draft-selections,https://assets.nhle.com/logos/nhl/svg/NJD_light.svg,New Jersey Devils,1,1,C,C,USA,"5' 10""",171,NTDP,USA U-18,
2,Kaapo Kakko,https://www.nhl.com/player/kaapo-kakko-8481554,https://records.nhl.com/nyr/franchises/new-york-rangers/draft-selections,https://assets.nhle.com/logos/nhl/svg/NYR_light.svg,New York Rangers,1,2,RW,RW,FIN,"6' 2""",194,FINLAND,TPS,
3,Kirby Dach,https://www.nhl.com/player/kirby-dach-8481523,https://records.nhl.com/chi/franchises/chicago-blackhawks/draft-selections,https://assets.nhle.com/logos/nhl/svg/CHI_light.svg,Chicago Blackhawks,1,3,C,C,CAN,"6' 4""",198,WHL,Saskatoon,
4,Bowen Byram,https://www.nhl.com/player/bowen-byram-8481524,https://records.nhl.com/col/franchises/colorado-avalanche/draft-selections,https://assets.nhle.com/logos/nhl/svg/COL_light.svg,Colorado Avalanche,1,4,OTT-COL,,D,CAN,"6' 0""",WHL,Vancouver,195
5,Alex Turcotte,https://www.nhl.com/player/alex-turcotte-8481532,https://records.nhl.com/lak/franchises/los-angeles-kings/draft-selections,https://assets.nhle.com/logos/nhl/svg/LAK_light.svg,Los Angeles Kings,1,5,C,C,USA,"5' 11""",186,NTDP,USA U-18,
6,Moritz Seider,https://www.nhl.com/player/moritz-seider-8481542,https://records.nhl.com/det/franchises/detroit-red-wings/draft-selections,https://assets.nhle.com/logos/nhl/svg/DET_light.svg,Detroit Red Wings,1,6,D,D,DEU,"6' 3""",208,GERMANY,Mannheim,
7,Dylan Cozens,https://www.nhl.com/player/dylan-cozens-8481528,https://records.nhl.com/buf/franchises/buffalo-sabres/draft-selections,https://assets.nhle.com/logos/nhl/svg/BUF_20102011-20192020_light.svg,Buffalo Sabres,1,7,C,C,CAN,"6' 3""",183,WHL,Lethbridge,
8,Philip Broberg,https://www.nhl.com/player/philip-broberg-8481598,https://records.nhl.com/edm/franchises/edmonton-oilers/draft-selections,https://assets.nhle.com/logos/nhl/svg/EDM_20172018-20212022_light.svg,Edmonton Oilers,1,8,D,D,SWE,"6' 3""",200,SWEDEN-2,AIK,
9,Trevor Zegras,https://www.nhl.com/player/trevor-zegras-8481533,https://records.nhl.com/ana/franchises/anaheim-ducks/draft-selections,https://assets.nhle.com/logos/nhl/svg/ANA_light.svg,Anaheim Ducks,1,9,C,C,USA,"6' 0""",173,NTDP,USA U-18,
10,Vasily Podkolzin,https://www.nhl.com/player/vasily-podkolzin-8481617,https://records.nhl.com/van/franchises/vancouver-canucks/draft-selections,https://assets.nhle.com/logos/nhl/svg/VAN_light.svg,Vancouver Canucks,1,10,RW,RW,RUS,"6' 0""",196,RUSSIA-2,Neva St. Petersburg,
11,Victor Soderstrom,https://www.nhl.com/player/victor-soderstrom-8481599,https://records.nhl.com/ari/franchises/arizona-coyotes/draft-selections,https://assets.nhle.com/logos/nhl/svg/ARI_20142015-20202021_light.svg,Arizona Coyotes,1,11,PHI-ARI,,D,SWE,"6' 0""",SWEDEN,Brynas,182
12,Matt Boldy,https://www.nhl.com/player/matt-boldy-8481557,https://records.nhl.com/min/franchises/minnesota-wild/draft-selections,https://assets.nhle.com/logos/nhl/svg/MIN_light.svg,Minnesota Wild,1,12,LW,LW,USA,"6' 2""",196,NTDP,USA U-18,
13,Spencer Knight,https://www.nhl.com/player/spencer-knight-8481519,https://records.nhl.com/fla/franchises/florida-panthers/draft-selections,https://assets.nhle.com/logos/nhl/svg/FLA_light.svg,Florida Panthers,1,13,G,G,USA,"6' 3""",193,NTDP,USA U-18,
14,Cam York,https://www.nhl.com/player/cam-york-8481546,https://records.nhl.com/phi/franchises/philadelphia-flyers/draft-selections,https://assets.nhle.com/logos/nhl/svg/PHI_19992000-20222023_light.svg,Philadelphia Flyers,1,14,ARI-PHI,,D,USA,"5' 11""",NTDP,USA U-18,172
15,Cole Caufield,https://www.nhl.com/player/cole-caufield-8481540,https://records.nhl.com/mtl/franchises/montreal-canadiens/draft-selections,https://assets.nhle.com/logos/nhl/svg/MTL_light.svg,Montréal Canadiens,1,15,RW,RW,USA,"5' 7""",163,NTDP,USA U-18,
16,Alex Newhook,https://www.nhl.com/player/alex-newhook-8481618,https://records.nhl.com/col/franchises/colorado-avalanche/draft-selections,https://assets.nhle.com/logos/nhl/svg/COL_light.svg,Colorado Avalanche,1,16,C,C,CAN,"5' 10""",192,BCHL,Victoria,
17,Peyton Krebs,https://www.nhl.com/player/peyton-krebs-8481522,https://records.nhl.com/vgk/franchises/vegas-golden-knights/draft-selections,https://assets.nhle.com/logos/nhl/svg/VGK_light.svg,Vegas Golden Knights,1,17,C,C,CAN,"5' 11""",183,WHL,Kootenay,
18,Thomas Harley,https://www.nhl.com/player/thomas-harley-8481581,https://records.nhl.com/dal/franchises/dallas-stars/draft-selections,https://assets.nhle.com/logos/nhl/svg/DAL_20122013-20202021_light.svg,Dallas Stars,1,18,D,D,USA,"6' 3""",193,OHL,Mississauga,
19,Lassi Thomson,https://www.nhl.com/player/lassi-thomson-8481575,https://records.nhl.com/ott/franchises/ottawa-senators/draft-selections,https://assets.nhle.com/logos/nhl/svg/OTT_20072008-20192020_light.svg,Ottawa Senators,1,19,CBJ-OTT,,D,FIN,"6' 0""",WHL,Kelowna,186
20,Ville Heinola,https://www.nhl.com/player/ville-heinola-8481572,https://records.nhl.com/wpg/franchises/winnipeg-jets/draft-selections,https://assets.nhle.com/logos/nhl/svg/WPG_light.svg,Winnipeg Jets,1,20,WPG-NYR-WPG,,D,FIN,"5' 11""",FINLAND,Lukko,178
21,Sam Poulin,https://www.nhl.com/player/sam-poulin-8481591,https://records.nhl.com/pit/franchises/pittsburgh-penguins/draft-selections,https://assets.nhle.com/logos/nhl/svg/PIT_light.svg,Pittsburgh Penguins,1,21,RW,RW,CAN,"6' 1""",212,QMJHL,Sherbrooke,
22,Tobias Bjornfot,https://www.nhl.com/player/tobias-bjornfot-8481600,https://records.nhl.com/lak/franchises/los-angeles-kings/draft-selections,https://assets.nhle.com/logos/nhl/svg/LAK_light.svg,Los Angeles Kings,1,22,TOR-LAK,,D,SWE,"6' 0""",SWEDEN-JR.,Djurgarden Jr.,193
23,Simon Holmstrom,https://www.nhl.com/player/simon-holmstrom-8481601,https://records.nhl.com/nyi/franchises/new-york-islanders/draft-selections,https://assets.nhle.com/logos/nhl/svg/NYI_light.svg,New York Islanders,1,23,RW,RW,SWE,"6' 0""",193,SWEDEN-JR.,HV 71 Jr.,
24,Philip Tomasino,https://www.nhl.com/player/philip-tomasino-8481577,https://records.nhl.com/nsh/franchises/nashville-predators/draft-selections,https://assets.nhle.com/logos/nhl/svg/NSH_light.svg,Nashville Predators,1,24,C,C,CAN,"5' 11""",183,OHL,Niagara,
25,Connor McMichael,https://www.nhl.com/player/connor-mcmichael-8481580,https://records.nhl.com/wsh/franchises/washington-capitals/draft-selections,https://assets.nhle.com/logos/nhl/svg/WSH_light.svg,Washington Capitals,1,25,C,C,CAN,"5' 11""",182,OHL,London,
26,Jakob Pelletier,https://www.nhl.com/player/jakob-pelletier-8481592,https://records.nhl.com/cgy/franchises/calgary-flames/draft-selections,https://assets.nhle.com/logos/nhl/svg/CGY_19941995-20192020_light.svg,Calgary Flames,1,26,LW,LW,CAN,"5' 9""",165,QMJHL,Moncton,
27,Nolan Foote,https://www.nhl.com/player/nolan-foote-8481518,https://records.nhl.com/tbl/franchises/tampa-bay-lightning/draft-selections,https://assets.nhle.com/logos/nhl/svg/TBL_light.svg,Tampa Bay Lightning,1,27,LW,LW,USA,"6' 3""",195,WHL,Kelowna,
28,Ryan Suzuki,https://www.nhl.com/player/ryan-suzuki-8481576,https://records.nhl.com/car/franchises/carolina-hurricanes/draft-selections,https://assets.nhle.com/logos/nhl/svg/CAR_light.svg,Carolina Hurricanes,1,28,C,C,CAN,"6' 0""",180,OHL,Barrie,
29,Brayden Tracey,https://www.nhl.com/player/brayden-tracey-8481530,https://records.nhl.com/ana/franchises/anaheim-ducks/draft-selections,https://assets.nhle.com/logos/nhl/svg/ANA_light.svg,Anaheim Ducks,1,29,SJS-BUF-ANA,,LW,CAN,"6' 0""",WHL,Moose Jaw,170
30,John Beecher,https://www.nhl.com/player/john-beecher-8481556,https://records.nhl.com/bos/franchises/boston-bruins/draft-selections,https://assets.nhle.com/logos/nhl/svg/BOS_20092010-20222023_light.svg,Boston Bruins,1,30,C,C,USA,"6' 3""",212,NTDP,USA U-18,
31,Ryan Johnson,https://www.nhl.com/player/ryan-johnson-8481564,https://records.nhl.com/buf/franchises/buffalo-sabres/draft-selections,https://assets.nhle.com/logos/nhl/svg/BUF_20102011-20192020_light.svg,Buffalo Sabres,1,31,STL-BUF,,D,USA,"6' 0""",USHL,Sioux Falls,170
32,Shane Pinto,https://www.nhl.com/player/shane-pinto-8481596,https://records.nhl.com/ott/franchises/ottawa-senators/draft-selections,https://assets.nhle.com/logos/nhl/svg/OTT_20072008-20192020_light.svg,Ottawa Senators,2,1,C,C,USA,"6' 2""",195,USHL,Tri-City,
33,Arthur Kaliyev,https://www.nhl.com/player/arthur-kaliyev-8481560,https://records.nhl.com/lak/franchises/los-angeles-kings/draft-selections,https://assets.nhle.com/logos/nhl/svg/LAK_light.svg,Los Angeles Kings,2,2,RW,RW,UZB,"6' 2""",194,OHL,Hamilton,
34,Bobby Brink,https://www.nhl.com/player/bobby-brink-8481553,https://records.nhl.com/phi/franchises/philadelphia-flyers/draft-selections,https://assets.nhle.com/logos/nhl/svg/PHI_19992000-20222023_light.svg,Philadelphia Flyers,2,3,NJD-NSH-PHI,,RW,USA,"5' 8""",USHL,Sioux City,165
35,Antti Tuomisto,https://www.nhl.com/player/antti-tuomisto-8481587,https://records.nhl.com/det/franchises/detroit-red-wings/draft-selections,https://assets.nhle.com/logos/nhl/svg/DET_light.svg,Detroit Red Wings,2,4,D,D,FIN,"6' 4""",193,FINLAND-JR.,Assat Jr.,
36,Pyotr Kochetkov,https://www.nhl.com/player/pyotr-kochetkov-8481611,https://records.nhl.com/car/franchises/carolina-hurricanes/draft-selections,https://assets.nhle.com/logos/nhl/svg/CAR_light.svg,Carolina Hurricanes,2,5,BUF-CAR,,G,RUS,"6' 3""",RUSSIA-2,Ryazan,180
37,Mads Sogaard,https://www.nhl.com/player/mads-sogaard-8481544,https://records.nhl.com/ott/franchises/ottawa-senators/draft-selections,https://assets.nhle.com/logos/nhl/svg/OTT_20072008-20192020_light.svg,Ottawa Senators,2,6,NYR-CAR-OTT,,G,DNK,"6' 7""",WHL,Medicine Hat,199
38,Raphael Lavoie,https://www.nhl.com/player/raphael-lavoie-8481534,https://records.nhl.com/edm/franchises/edmonton-oilers/draft-selections,https://assets.nhle.com/logos/nhl/svg/EDM_20172018-20212022_light.svg,Edmonton Oilers,2,7,C,C,CAN,"6' 4""",199,QMJHL,Halifax,
39,Jackson LaCombe,https://www.nhl.com/player/jackson-lacombe-8481605,https://records.nhl.com/ana/franchises/anaheim-ducks/draft-selections,https://assets.nhle.com/logos/nhl/svg/ANA_light.svg,Anaheim Ducks,2,8,D,D,USA,"6' 1""",187,HIGH-MN,Shattuck-St. Mary's,
40,Nils Hoglander,https://www.nhl.com/player/nils-hoglander-8481535,https://records.nhl.com/van/franchises/vancouver-canucks/draft-selections,https://assets.nhle.com/logos/nhl/svg/VAN_light.svg,Vancouver Canucks,2,9,LW,LW,SWE,"5' 9""",188,SWEDEN,Rogle,
41,Kaedan Korczak,https://www.nhl.com/player/kaedan-korczak-8481527,https://records.nhl.com/vgk/franchises/vegas-golden-knights/draft-selections,https://assets.nhle.com/logos/nhl/svg/VGK_light.svg,Vegas Golden Knights,2,10,PHI-SJS-VGK,,D,CAN,"6' 3""",WHL,Kelowna,194
42,Vladislav Firstov,https://www.nhl.com/player/vladislav-firstov-8481706,https://records.nhl.com/min/franchises/minnesota-wild/draft-selections,https://assets.nhle.com/logos/nhl/svg/MIN_light.svg,Minnesota Wild,2,11,LW,LW,RUS,"6' 0""",181,USHL,Waterloo,
43,Alex Vlasic,https://www.nhl.com/player/alex-vlasic-8481568,https://records.nhl.com/chi/franchises/chicago-blackhawks/draft-selections,https://assets.nhle.com/logos/nhl/svg/CHI_light.svg,Chicago Blackhawks,2,12,D,D,USA,"6' 5""",198,NTDP,USA U-18,
44,Jamieson Rees,https://www.nhl.com/player/jamieson-rees-8481579,https://records.nhl.com/car/franchises/carolina-hurricanes/draft-selections,https://assets.nhle.com/logos/nhl/svg/CAR_light.svg,Carolina Hurricanes,2,13,FLA-SJS-OTT-CAR,,C,CAN,"5' 10""",OHL,Sarnia,182
45,Egor Afanasyev,https://www.nhl.com/player/egor-afanasyev-8481585,https://records.nhl.com/nsh/franchises/nashville-predators/draft-selections,https://assets.nhle.com/logos/nhl/svg/NSH_light.svg,Nashville Predators,2,14,ARI-PHI-NSH,,LW,RUS,"6' 3""",USHL,Muskegon,204
46,Jayden Struble,https://www.nhl.com/player/jayden-struble-8481593,https://records.nhl.com/mtl/franchises/montreal-canadiens/draft-selections,https://assets.nhle.com/logos/nhl/svg/MTL_light.svg,Montréal Canadiens,2,15,D,D,USA,"6' 0""",205,HIGH-MA,St. Sebastian's School,
47,Drew Helleson,https://www.nhl.com/player/drew-helleson-8481563,https://records.nhl.com/col/franchises/colorado-avalanche/draft-selections,https://assets.nhle.com/logos/nhl/svg/COL_light.svg,Colorado Avalanche,2,16,D,D,USA,"6' 3""",194,NTDP,USA U-18,
48,Artemi Kniazev,https://www.nhl.com/player/artemi-kniazev-8481552,https://records.nhl.com/sjs/franchises/san-jose-sharks/draft-selections,https://assets.nhle.com/logos/nhl/svg/SJS_light.svg,San Jose Sharks,2,17,VGK-SJS,,D,RUS,"5' 10""",QMJHL,Chicoutimi,182
49,Matthew Robertson,https://www.nhl.com/player/matthew-robertson-8481525,https://records.nhl.com/nyr/franchises/new-york-rangers/draft-selections,https://assets.nhle.com/logos/nhl/svg/NYR_light.svg,New York Rangers,2,18,DAL-NYR,,D,CAN,"6' 3""",WHL,Edmonton,200
50,Samuel Fagemo,https://www.nhl.com/player/samuel-fagemo-8481239,https://records.nhl.com/lak/franchises/los-angeles-kings/draft-selections,https://assets.nhle.com/logos/nhl/svg/LAK_light.svg,Los Angeles Kings,2,19,CBJ-VGK-MTL-LAK,,LW,SWE,"6' 0""",SWEDEN,Frolunda,190
51,Simon Lundmark,https://www.nhl.com/player/simon-lundmark-8481547,https://records.nhl.com/wpg/franchises/winnipeg-jets/draft-selections,https://assets.nhle.com/logos/nhl/svg/WPG_light.svg,Winnipeg Jets,2,20,D,D,SWE,"6' 1""",197,SWEDEN-JR.,Linkoping Jr.,
52,Vladislav Kolyachonok,https://www.nhl.com/player/vladislav-kolyachonok-8481609,https://records.nhl.com/fla/franchises/florida-panthers/draft-selections,https://assets.nhle.com/logos/nhl/svg/FLA_light.svg,Florida Panthers,2,21,PIT-FLA,,D,BLR,"6' 1""",OHL,Flint,189
53,Nicholas Robertson,https://www.nhl.com/player/nicholas-robertson-8481582,https://records.nhl.com/tor/franchises/toronto-maple-leafs/draft-selections,https://assets.nhle.com/logos/nhl/svg/TOR_light.svg,Toronto Maple Leafs,2,22,LW,LW,USA,"5' 8""",162,OHL,Peterborough,
54,Robert Mastrosimone,https://www.nhl.com/player/robert-mastrosimone-8481561,https://records.nhl.com/det/franchises/detroit-red-wings/draft-selections,https://assets.nhle.com/logos/nhl/svg/DET_light.svg,Detroit Red Wings,2,23,NYI-VGK-DET,,LW,USA,"5' 10""",USHL,Chicago,159
55,Dillon Hamaliuk,https://www.nhl.com/player/dillon-hamaliuk-8481549,https://records.nhl.com/sjs/franchises/san-jose-sharks/draft-selections,https://assets.nhle.com/logos/nhl/svg/SJS_light.svg,San Jose Sharks,2,24,NSH-NJD-SJS,,LW,CAN,"6' 2""",WHL,Seattle,194
56,Brett Leason,https://www.nhl.com/player/brett-leason-8481517,https://records.nhl.com/wsh/franchises/washington-capitals/draft-selections,https://assets.nhle.com/logos/nhl/svg/WSH_light.svg,Washington Capitals,2,25,RW,RW,CAN,"6' 4""",210,WHL,Prince Albert,
57,Samuel Bolduc,https://www.nhl.com/player/samuel-bolduc-8481541,https://records.nhl.com/nyi/franchises/new-york-islanders/draft-selections,https://assets.nhle.com/logos/nhl/svg/NYI_light.svg,New York Islanders,2,26,CGY-NYI,,D,CAN,"6' 4""",QMJHL,Blainville-Boisbriand,209
58,Karl Henriksson,https://www.nhl.com/player/karl-henriksson-8481548,https://records.nhl.com/nyr/franchises/new-york-rangers/draft-selections,https://assets.nhle.com/logos/nhl/svg/NYR_light.svg,New York Rangers,2,27,TBL-NYR,,C,SWE,"5' 9""",SWEDEN-JR.,Frolunda Jr.,176
59,Hunter Jones,https://www.nhl.com/player/hunter-jones-8481545,https://records.nhl.com/min/franchises/minnesota-wild/draft-selections,https://assets.nhle.com/logos/nhl/svg/MIN_light.svg,Minnesota Wild,2,28,CAR-MIN,,G,CAN,"6' 4""",OHL,Peterborough,202
60,Albert Johansson,https://www.nhl.com/player/albert-johansson-8481607,https://records.nhl.com/det/franchises/detroit-red-wings/draft-selections,https://assets.nhle.com/logos/nhl/svg/DET_light.svg,Detroit Red Wings,2,29,SJS-DET,,D,SWE,"5' 11""",SWEDEN-JR.,Farjestad Jr.,165
61,Nikita Okhotiuk,https://www.nhl.com/player/nikita-okhotiuk-8481537,https://records.nhl.com/njd/franchises/new-jersey-devils/draft-selections,https://assets.nhle.com/logos/nhl/svg/NJD_light.svg,New Jersey Devils,2,30,BOS-NJD,,D,RUS,"6' 1""",OHL,Ottawa,198
62,Nikita Alexandrov,https://www.nhl.com/player/nikita-alexandrov-8481543,https://records.nhl.com/stl/franchises/st-louis-blues/draft-selections,https://assets.nhle.com/logos/nhl/svg/STL_light.svg,St. Louis Blues,2,31,C,C,DEU,"6' 0""",190,QMJHL,Charlottetown,
63,Matt Stienburg,https://www.nhl.com/player/matt-stienburg-8481737,https://records.nhl.com/col/franchises/colorado-avalanche/draft-selections,https://assets.nhle.com/logos/nhl/svg/COL_light.svg,Colorado Avalanche,3,1,OTT-COL,,C,CAN,"6' 0""",HIGH-ON,St. Andrew's College,182
64,Mattias Norlinder,https://www.nhl.com/player/mattias-norlinder-8481555,https://records.nhl.com/mtl/franchises/montreal-canadiens/draft-selections,https://assets.nhle.com/logos/nhl/svg/MTL_light.svg,Montréal Canadiens,3,2,LAK-MTL,,D,SWE,"6' 0""",SWEDEN-JR.,Modo Jr.,187
65,Alex Campbell,https://www.nhl.com/player/alex-campbell-8481619,https://records.nhl.com/nsh/franchises/nashville-predators/draft-selections,https://assets.nhle.com/logos/nhl/svg/NSH_light.svg,Nashville Predators,3,3,NJD-EDM-PHI-NSH,,LW,CAN,"5' 10""",BCHL,Victoria,154
66,Albin Grewe,https://www.nhl.com/player/albin-grewe-8481602,https://records.nhl.com/det/franchises/detroit-red-wings/draft-selections,https://assets.nhle.com/logos/nhl/svg/DET_light.svg,Detroit Red Wings,3,4,RW,RW,SWE,"5' 11""",190,SWEDEN-JR.,Djurgarden Jr.,
67,Erik Portillo,https://www.nhl.com/player/erik-portillo-8481707,https://records.nhl.com/buf/franchises/buffalo-sabres/draft-selections,https://assets.nhle.com/logos/nhl/svg/BUF_20102011-20192020_light.svg,Buffalo Sabres,3,5,G,G,SWE,"6' 6""",207,SWEDEN-JR.,Frolunda Jr.,
68,Zac Jones,https://www.nhl.com/player/zac-jones-8481708,https://records.nhl.com/nyr/franchises/new-york-rangers/draft-selections,https://assets.nhle.com/logos/nhl/svg/NYR_light.svg,New York Rangers,3,6,D,D,USA,"5' 10""",172,USHL,Tri-City,
69,John Ludvig,https://www.nhl.com/player/john-ludvig-8481206,https://records.nhl.com/fla/franchises/florida-panthers/draft-selections,https://assets.nhle.com/logos/nhl/svg/FLA_light.svg,Florida Panthers,3,7,EDM-FLA,,D,CZE,"6' 0""",WHL,Portland,196
70,Daniil Misyul,https://www.nhl.com/player/daniil-misyul-8481536,https://records.nhl.com/njd/franchises/new-jersey-devils/draft-selections,https://assets.nhle.com/logos/nhl/svg/NJD_light.svg,New Jersey Devils,3,8,ANA-NJD,,D,BLR,"6' 3""",RUSSIA-JR.,Yaroslavl 2,176
71,Hugo Alnefelt,https://www.nhl.com/player/hugo-alnefelt-8481597,https://records.nhl.com/tbl/franchises/tampa-bay-lightning/draft-selections,https://assets.nhle.com/logos/nhl/svg/TBL_light.svg,Tampa Bay Lightning,3,9,VAN-TBL,,G,SWE,"6' 2""",SWEDEN-JR.,HV 71 Jr.,183
72,Ronnie Attard,https://www.nhl.com/player/ronnie-attard-8481521,https://records.nhl.com/phi/franchises/philadelphia-flyers/draft-selections,https://assets.nhle.com/logos/nhl/svg/PHI_19992000-20222023_light.svg,Philadelphia Flyers,3,10,D,D,USA,"6' 3""",205,USHL,Tri-City,
73,Patrik Puistola,https://www.nhl.com/player/patrik-puistola-8481574,https://records.nhl.com/car/franchises/carolina-hurricanes/draft-selections,https://assets.nhle.com/logos/nhl/svg/CAR_light.svg,Carolina Hurricanes,3,11,MIN-CAR,,RW,FIN,"6' 0""",FINLAND-JR.,Tappara Jr.,175
74,Nathan Legare,https://www.nhl.com/player/nathan-legare-8481594,https://records.nhl.com/pit/franchises/pittsburgh-penguins/draft-selections,https://assets.nhle.com/logos/nhl/svg/PIT_light.svg,Pittsburgh Penguins,3,12,CHI-ARI-PIT,,RW,CAN,"6' 0""",QMJHL,Baie Comeau,206
75,Adam Beckman,https://www.nhl.com/player/adam-beckman-8481550,https://records.nhl.com/min/franchises/minnesota-wild/draft-selections,https://assets.nhle.com/logos/nhl/svg/MIN_light.svg,Minnesota Wild,3,13,FLA-NSH-MIN,,LW,CAN,"6' 1""",WHL,Spokane,168
76,John Farinacci,https://www.nhl.com/player/john-farinacci-8481558,https://records.nhl.com/ari/franchises/arizona-coyotes/draft-selections,https://assets.nhle.com/logos/nhl/svg/ARI_20142015-20202021_light.svg,Arizona Coyotes,3,14,C,C,USA,"5' 11""",190,HIGH-MA,Dexter School,
77,Gianni Fairbrother,https://www.nhl.com/player/gianni-fairbrother-8481654,https://records.nhl.com/mtl/franchises/montreal-canadiens/draft-selections,https://assets.nhle.com/logos/nhl/svg/MTL_light.svg,Montréal Canadiens,3,15,D,D,CAN,"5' 11""",194,WHL,Everett,
78,Alex Beaucage,https://www.nhl.com/player/alex-beaucage-8481595,https://records.nhl.com/col/franchises/colorado-avalanche/draft-selections,https://assets.nhle.com/logos/nhl/svg/COL_light.svg,Colorado Avalanche,3,16,RW,RW,CAN,"6' 1""",192,QMJHL,Rouyn-Noranda,
79,Pavel Dorofeyev,https://www.nhl.com/player/pavel-dorofeyev-8481604,https://records.nhl.com/vgk/franchises/vegas-golden-knights/draft-selections,https://assets.nhle.com/logos/nhl/svg/VGK_light.svg,Vegas Golden Knights,3,17,LW,LW,RUS,"6' 0""",176,RUSSIA,Magnitogorsk,
80,Graeme Clarke,https://www.nhl.com/player/graeme-clarke-8481578,https://records.nhl.com/njd/franchises/new-jersey-devils/draft-selections,https://assets.nhle.com/logos/nhl/svg/NJD_light.svg,New Jersey Devils,3,18,DAL-NJD,,RW,USA,"5' 11""",OHL,Ottawa,175
81,Cole Schwindt,https://www.nhl.com/player/cole-schwindt-8481655,https://records.nhl.com/fla/franchises/florida-panthers/draft-selections,https://assets.nhle.com/logos/nhl/svg/FLA_light.svg,Florida Panthers,3,19,CBJ-FLA,,RW,CAN,"6' 2""",OHL,Mississauga,182
82,Michael Vukojevic,https://www.nhl.com/player/michael-vukojevic-8481583,https://records.nhl.com/njd/franchises/new-jersey-devils/draft-selections,https://assets.nhle.com/logos/nhl/svg/NJD_light.svg,New Jersey Devils,3,20,WPG-VGK-SJS-NJD,,D,CAN,"6' 3""",OHL,Kitchener,212
83,Anttoni Honka,https://www.nhl.com/player/anttoni-honka-8481615,https://records.nhl.com/car/franchises/carolina-hurricanes/draft-selections,https://assets.nhle.com/logos/nhl/svg/CAR_light.svg,Carolina Hurricanes,3,21,PIT-VGK-OTT-CAR,,D,FIN,"5' 10""",FINLAND,Jukurit,178
84,Mikko Kokkonen,https://www.nhl.com/player/mikko-kokkonen-8481614,https://records.nhl.com/tor/franchises/toronto-maple-leafs/draft-selections,https://assets.nhle.com/logos/nhl/svg/TOR_light.svg,Toronto Maple Leafs,3,22,D,D,FIN,"5' 11""",200,FINLAND,Jukurit,
85,Ilya Konovalov,https://www.nhl.com/player/ilya-konovalov-8481709,https://records.nhl.com/edm/franchises/edmonton-oilers/draft-selections,https://assets.nhle.com/logos/nhl/svg/EDM_20172018-20212022_light.svg,Edmonton Oilers,3,23,NYI-EDM,,G,RUS,"6' 0""",RUSSIA,Yaroslavl,194
86,Layton Ahac,https://www.nhl.com/player/layton-ahac-8481613,https://records.nhl.com/vgk/franchises/vegas-golden-knights/draft-selections,https://assets.nhle.com/logos/nhl/svg/VGK_light.svg,Vegas Golden Knights,3,24,NSH-VGK,,D,CAN,"6' 2""",BCHL,Prince George,190
87,Lukas Parik,https://www.nhl.com/player/lukas-parik-8481710,https://records.nhl.com/lak/franchises/los-angeles-kings/draft-selections,https://assets.nhle.com/logos/nhl/svg/LAK_light.svg,Los Angeles Kings,3,25,WSH-LAK,,G,CZE,"6' 3""",CZREP-JR.,Liberec Jr.,185
88,Ilya Nikolaev,https://www.nhl.com/player/ilya-nikolaev-8481590,https://records.nhl.com/cgy/franchises/calgary-flames/draft-selections,https://assets.nhle.com/logos/nhl/svg/CGY_19941995-20192020_light.svg,Calgary Flames,3,26,C,C,RUS,"5' 11""",190,RUSSIA-JR.,Yaroslavl 2,
89,Max Cajkovic,https://www.nhl.com/player/max-cajkovic-8481738,https://records.nhl.com/tbl/franchises/tampa-bay-lightning/draft-selections,https://assets.nhle.com/logos/nhl/svg/TBL_light.svg,Tampa Bay Lightning,3,27,RW,RW,SVK,"5' 10""",185,QMJHL,Saint John,
90,Domenick Fensore,https://www.nhl.com/player/domenick-fensore-8481562,https://records.nhl.com/car/franchises/carolina-hurricanes/draft-selections,https://assets.nhle.com/logos/nhl/svg/CAR_light.svg,Carolina Hurricanes,3,28,D,D,USA,"5' 7""",153,NTDP,USA U-18,
91,Aliaksei Protas,https://www.nhl.com/player/aliaksei-protas-8481656,https://records.nhl.com/wsh/franchises/washington-capitals/draft-selections,https://assets.nhle.com/logos/nhl/svg/WSH_light.svg,Washington Capitals,3,29,SJS-NJD-WSH,,C,BLR,"6' 4""",WHL,Prince Albert,205
92,Quinn Olson,https://www.nhl.com/player/quinn-olson-8481739,https://records.nhl.com/bos/franchises/boston-bruins/draft-selections,https://assets.nhle.com/logos/nhl/svg/BOS_20092010-20222023_light.svg,Boston Bruins,3,30,LW,LW,CAN,"5' 10""",170,AJHL,Okotoks,
93,Colten Ellis,https://www.nhl.com/player/colten-ellis-8481551,https://records.nhl.com/stl/franchises/st-louis-blues/draft-selections,https://assets.nhle.com/logos/nhl/svg/STL_light.svg,St. Louis Blues,3,31,G,G,CAN,"6' 1""",188,QMJHL,Rimouski,
94,Viktor Lodin,https://www.nhl.com/player/viktor-lodin-8481657,https://records.nhl.com/ott/franchises/ottawa-senators/draft-selections,https://assets.nhle.com/logos/nhl/svg/OTT_20072008-20192020_light.svg,Ottawa Senators,4,1,C,C,SWE,"6' 2""",185,SWEDEN,Orebro,
95,Jordan Spence,https://www.nhl.com/player/jordan-spence-8481606,https://records.nhl.com/lak/franchises/los-angeles-kings/draft-selections,https://assets.nhle.com/logos/nhl/svg/LAK_light.svg,Los Angeles Kings,4,2,D,D,AUS,"5' 10""",177,QMJHL,Moncton,
96,Tyce Thompson,https://www.nhl.com/player/tyce-thompson-8481740,https://records.nhl.com/njd/franchises/new-jersey-devils/draft-selections,https://assets.nhle.com/logos/nhl/svg/NJD_light.svg,New Jersey Devils,4,3,RW,RW,CAN,"6' 1""",178,H-EAST,Providence,
97,Ethan Phillips,https://www.nhl.com/player/ethan-phillips-8481621,https://records.nhl.com/det/franchises/detroit-red-wings/draft-selections,https://assets.nhle.com/logos/nhl/svg/DET_light.svg,Detroit Red Wings,4,4,C,C,CAN,"5' 9""",150,USHL,Sioux Falls,
98,Matias Maccelli,https://www.nhl.com/player/matias-maccelli-8481711,https://records.nhl.com/ari/franchises/arizona-coyotes/draft-selections,https://assets.nhle.com/logos/nhl/svg/ARI_20142015-20202021_light.svg,Arizona Coyotes,4,5,BUF-PIT-ARI,,LW,FIN,"5' 11""",USHL,Dubuque,165
99,Cade Webber,https://www.nhl.com/player/cade-webber-8481570,https://records.nhl.com/car/franchises/carolina-hurricanes/draft-selections,https://assets.nhle.com/logos/nhl/svg/CAR_light.svg,Carolina Hurricanes,4,6,NYR-BOS-MIN-CAR,,D,USA,"6' 5""",HIGH-MA,Rivers Academy,205
100,Matej Blumel,https://www.nhl.com/player/matej-blumel-8481712,https://records.nhl.com/edm/franchises/edmonton-oilers/draft-selections,https://assets.nhle.com/logos/nhl/svg/EDM_20172018-20212022_light.svg,Edmonton Oilers,4,7,RW,RW,CZE,"5' 11""",198,USHL,Waterloo,
101,Henry Thrun,https://www.nhl.com/player/henry-thrun-8481567,https://records.nhl.com/ana/franchises/anaheim-ducks/draft-selections,https://assets.nhle.com/logos/nhl/svg/ANA_light.svg,Anaheim Ducks,4,8,D,D,USA,"6' 2""",188,NTDP,USA U-18,
102,Aaron Huglen,https://www.nhl.com/player/aaron-huglen-8481741,https://records.nhl.com/buf/franchises/buffalo-sabres/draft-selections,https://assets.nhle.com/logos/nhl/svg/BUF_20102011-20192020_light.svg,Buffalo Sabres,4,9,VAN-BUF,,RW,USA,"5' 11""",HIGH-MN,Roseau,166
103,Mason Millman,https://www.nhl.com/player/mason-millman-8481658,https://records.nhl.com/phi/franchises/philadelphia-flyers/draft-selections,https://assets.nhle.com/logos/nhl/svg/PHI_19992000-20222023_light.svg,Philadelphia Flyers,4,10,D,D,CAN,"6' 0""",175,OHL,Saginaw,
104,Eric Hjorth,https://www.nhl.com/player/eric-hjorth-8481659,https://records.nhl.com/cbj/franchises/columbus-blue-jackets/draft-selections,https://assets.nhle.com/logos/nhl/svg/CBJ_light.svg,Columbus Blue Jackets,4,11,MIN-PIT-FLA-CBJ,,D,SWE,"6' 3""",SWEDEN-JR.,Linkoping Jr.,192
105,Michal Teply,https://www.nhl.com/player/michal-teply-8481616,https://records.nhl.com/chi/franchises/chicago-blackhawks/draft-selections,https://assets.nhle.com/logos/nhl/svg/CHI_light.svg,Chicago Blackhawks,4,12,LW,LW,CZE,"6' 3""",187,CZREP-2,Benatky N. J.,
106,Carter Berger,https://www.nhl.com/player/carter-berger-8481742,https://records.nhl.com/fla/franchises/florida-panthers/draft-selections,https://assets.nhle.com/logos/nhl/svg/FLA_light.svg,Florida Panthers,4,13,D,D,CAN,"6' 0""",200,BCHL,Victoria,
107,Alexandr Darin,https://www.nhl.com/player/alexandr-darin-8481713,https://records.nhl.com/ari/franchises/arizona-coyotes/draft-selections,https://assets.nhle.com/logos/nhl/svg/ARI_20142015-20202021_light.svg,Arizona Coyotes,4,14,RW,RW,RUS,"5' 11""",159,RUSSIA-JR.,Yaroslavl 2,
108,Yegor Spiridonov,https://www.nhl.com/player/yegor-spiridonov-8481603,https://records.nhl.com/sjs/franchises/san-jose-sharks/draft-selections,https://assets.nhle.com/logos/nhl/svg/SJS_light.svg,San Jose Sharks,4,15,MTL-SJS,,C,RUS,"6' 2""",RUSSIA-JR.,Magnitogorsk 2,190
109,Marc Del Gaizo,https://www.nhl.com/player/marc-del-gaizo-8481743,https://records.nhl.com/nsh/franchises/nashville-predators/draft-selections,https://assets.nhle.com/logos/nhl/svg/NSH_light.svg,Nashville Predators,4,16,COL-NSH,,D,USA,"5' 9""",H-EAST,U. Mass.,188
110,Ryder Donovan,https://www.nhl.com/player/ryder-donovan-8481539,https://records.nhl.com/vgk/franchises/vegas-golden-knights/draft-selections,https://assets.nhle.com/logos/nhl/svg/VGK_light.svg,Vegas Golden Knights,4,17,C,C,USA,"6' 3""",186,HIGH-MN,Duluth East H.S.,
111,Samuel Sjolund,https://www.nhl.com/player/samuel-sjolund-8481714,https://records.nhl.com/dal/franchises/dallas-stars/draft-selections,https://assets.nhle.com/logos/nhl/svg/DAL_20122013-20202021_light.svg,Dallas Stars,4,18,D,D,SWE,"6' 1""",172,SWEDEN-JR.,AIK Jr.,
112,Hunter Skinner,https://www.nhl.com/player/hunter-skinner-8481715,https://records.nhl.com/nyr/franchises/new-york-rangers/draft-selections,https://assets.nhle.com/logos/nhl/svg/NYR_light.svg,New York Rangers,4,19,CBJ-NYR,,D,USA,"6' 2""",USHL,Lincoln,176
113,Henri Nikkanen,https://www.nhl.com/player/henri-nikkanen-8481695,https://records.nhl.com/wpg/franchises/winnipeg-jets/draft-selections,https://assets.nhle.com/logos/nhl/svg/WPG_light.svg,Winnipeg Jets,4,20,C,C,FIN,"6' 3""",200,FINLAND-JR.,Jukurit Jr.,
114,Dmitri Voronkov,https://www.nhl.com/player/dmitri-voronkov-8481716,https://records.nhl.com/cbj/franchises/columbus-blue-jackets/draft-selections,https://assets.nhle.com/logos/nhl/svg/CBJ_light.svg,Columbus Blue Jackets,4,21,PIT-FLA-CBJ,,LW,RUS,"6' 4""",RUSSIA-2,Bars Kazan,190
115,Mikhail Abramov,https://www.nhl.com/player/mikhail-abramov-8481589,https://records.nhl.com/tor/franchises/toronto-maple-leafs/draft-selections,https://assets.nhle.com/logos/nhl/svg/TOR_light.svg,Toronto Maple Leafs,4,22,C,C,RUS,"5' 10""",161,QMJHL,Victoriaville,
116,Lucas Feuk,https://www.nhl.com/player/lucas-feuk-8481717,https://records.nhl.com/cgy/franchises/calgary-flames/draft-selections,https://assets.nhle.com/logos/nhl/svg/CGY_19941995-20192020_light.svg,Calgary Flames,4,23,NYI-CGY,,LW,SWE,"6' 0""",SWEDEN-JR.,Sodertalje Jr.,183
117,Semyon Chystyakov,https://www.nhl.com/player/semyon-chystyakov-8481718,https://records.nhl.com/nsh/franchises/nashville-predators/draft-selections,https://assets.nhle.com/logos/nhl/svg/NSH_light.svg,Nashville Predators,4,24,D,D,RUS,"5' 10""",167,RUSSIA-JR.,Ufa 2,
118,Case McCarthy,https://www.nhl.com/player/case-mccarthy-8481566,https://records.nhl.com/njd/franchises/new-jersey-devils/draft-selections,https://assets.nhle.com/logos/nhl/svg/NJD_light.svg,New Jersey Devils,4,25,WSH-NJD,,D,USA,"6' 1""",NTDP,USA U-18,198
119,Kim Nousiainen,https://www.nhl.com/player/kim-nousiainen-8481696,https://records.nhl.com/lak/franchises/los-angeles-kings/draft-selections,https://assets.nhle.com/logos/nhl/svg/LAK_light.svg,Los Angeles Kings,4,26,CGY-MTL-LAK,,D,FIN,"5' 9""",FINLAND-JR.,Kalpa Jr.,170
120,Maxwell Crozier,https://www.nhl.com/player/maxwell-crozier-8481719,https://records.nhl.com/tbl/franchises/tampa-bay-lightning/draft-selections,https://assets.nhle.com/logos/nhl/svg/TBL_light.svg,Tampa Bay Lightning,4,27,D,D,CAN,"6' 1""",195,USHL,Sioux Falls,
121,Tuukka Tieksola,https://www.nhl.com/player/tuukka-tieksola-8481697,https://records.nhl.com/car/franchises/carolina-hurricanes/draft-selections,https://assets.nhle.com/logos/nhl/svg/CAR_light.svg,Carolina Hurricanes,4,28,RW,RW,FIN,"5' 9""",146,FINLAND-JR.,Karpat Jr.,
122,Ethan Keppen,https://www.nhl.com/player/ethan-keppen-8481660,https://records.nhl.com/van/franchises/vancouver-canucks/draft-selections,https://assets.nhle.com/logos/nhl/svg/VAN_light.svg,Vancouver Canucks,4,29,SJS-BUF-VAN,,LW,CAN,"6' 1""",OHL,Flint,212
123,Antti Saarela,https://www.nhl.com/player/antti-saarela-8481588,https://records.nhl.com/chi/franchises/chicago-blackhawks/draft-selections,https://assets.nhle.com/logos/nhl/svg/CHI_light.svg,Chicago Blackhawks,4,30,BOS-CHI,,C,FIN,"5' 11""",FINLAND,Lukko,190
124,Nick Abruzzese,https://www.nhl.com/player/nick-abruzzese-8481720,https://records.nhl.com/tor/franchises/toronto-maple-leafs/draft-selections,https://assets.nhle.com/logos/nhl/svg/TOR_light.svg,Toronto Maple Leafs,4,31,STL-TOR,,C,USA,"5' 9""",USHL,Chicago,160
125,Mark Kastelic,https://www.nhl.com/player/mark-kastelic-8480355,https://records.nhl.com/ott/franchises/ottawa-senators/draft-selections,https://assets.nhle.com/logos/nhl/svg/OTT_20072008-20192020_light.svg,Ottawa Senators,5,1,C,C,USA,"6' 3""",213,WHL,Calgary,
126,Jacob Leguerrier,https://www.nhl.com/player/jacob-leguerrier-8481661,https://records.nhl.com/mtl/franchises/montreal-canadiens/draft-selections,https://assets.nhle.com/logos/nhl/svg/MTL_light.svg,Montréal Canadiens,5,2,LAK-MTL,,D,CAN,"6' 1""",OHL,Sault Ste. Marie,200
127,Cole Brady,https://www.nhl.com/player/cole-brady-8481744,https://records.nhl.com/njd/franchises/new-jersey-devils/draft-selections,https://assets.nhle.com/logos/nhl/svg/NJD_light.svg,New Jersey Devils,5,3,G,G,CAN,"6' 4""",175,NAHL,Janesville,
128,Cooper Moore,https://www.nhl.com/player/cooper-moore-8481745,https://records.nhl.com/det/franchises/detroit-red-wings/draft-selections,https://assets.nhle.com/logos/nhl/svg/DET_light.svg,Detroit Red Wings,5,4,D,D,USA,"6' 1""",175,HIGH-CT,Brunswick Prep,
129,Arseny Gritsyuk,https://www.nhl.com/player/arseny-gritsyuk-8481721,https://records.nhl.com/njd/franchises/new-jersey-devils/draft-selections,https://assets.nhle.com/logos/nhl/svg/NJD_light.svg,New Jersey Devils,5,5,BUF-DET-WSH-NJD,,RW,RUS,"5' 10""",RUSSIA-JR.,Omsk 2,169
130,Leevi Aaltonen,https://www.nhl.com/player/leevi-aaltonen-8481698,https://records.nhl.com/nyr/franchises/new-york-rangers/draft-selections,https://assets.nhle.com/logos/nhl/svg/NYR_light.svg,New York Rangers,5,6,RW,RW,FIN,"5' 8""",177,FINLAND-JR.,Kalpa Jr.,
131,Rhett Pitlick,https://www.nhl.com/player/rhett-pitlick-8481746,https://records.nhl.com/mtl/franchises/montreal-canadiens/draft-selections,https://assets.nhle.com/logos/nhl/svg/MTL_light.svg,Montréal Canadiens,5,7,EDM-MTL,,LW,USA,"5' 8""",HIGH-MN,Chaska,160
132,Trevor Janicke,https://www.nhl.com/player/trevor-janicke-8481620,https://records.nhl.com/ana/franchises/anaheim-ducks/draft-selections,https://assets.nhle.com/logos/nhl/svg/ANA_light.svg,Anaheim Ducks,5,8,C,C,USA,"5' 10""",190,USHL,Central Illinois,
133,Carson Focht,https://www.nhl.com/player/carson-focht-8481192,https://records.nhl.com/van/franchises/vancouver-canucks/draft-selections,https://assets.nhle.com/logos/nhl/svg/VAN_light.svg,Vancouver Canucks,5,9,C,C,CAN,"6' 0""",178,WHL,Calgary,
134,Harrison Blaisdell,https://www.nhl.com/player/harrison-blaisdell-8481612,https://records.nhl.com/wpg/franchises/winnipeg-jets/draft-selections,https://assets.nhle.com/logos/nhl/svg/WPG_light.svg,Winnipeg Jets,5,10,PHI-WPG,,C,GBR,"5' 11""",BCHL,Chilliwack,186
135,Isaiah Saville,https://www.nhl.com/player/isaiah-saville-8481520,https://records.nhl.com/vgk/franchises/vegas-golden-knights/draft-selections,https://assets.nhle.com/logos/nhl/svg/VGK_light.svg,Vegas Golden Knights,5,11,MIN-VGK,,G,USA,"6' 1""",USHL,Tri-City,198
136,Henrik Rybinski,https://www.nhl.com/player/henrik-rybinski-8481662,https://records.nhl.com/fla/franchises/florida-panthers/draft-selections,https://assets.nhle.com/logos/nhl/svg/FLA_light.svg,Florida Panthers,5,12,CHI-MTL-FLA,,RW,CAN,"6' 0""",WHL,Seattle,176
137,Owen Lindmark,https://www.nhl.com/player/owen-lindmark-8481531,https://records.nhl.com/fla/franchises/florida-panthers/draft-selections,https://assets.nhle.com/logos/nhl/svg/FLA_light.svg,Florida Panthers,5,13,C,C,USA,"6' 0""",193,NTDP,USA U-18,
138,Frederik Dichow,https://www.nhl.com/player/frederik-dichow-8481747,https://records.nhl.com/mtl/franchises/montreal-canadiens/draft-selections,https://assets.nhle.com/logos/nhl/svg/MTL_light.svg,Montréal Canadiens,5,14,ARI-CHI-LAK-MTL,,G,DNK,"6' 5""",DENMARK-2,Vojens,191
139,Marcus Kallionkieli,https://www.nhl.com/player/marcus-kallionkieli-8481573,https://records.nhl.com/vgk/franchises/vegas-golden-knights/draft-selections,https://assets.nhle.com/logos/nhl/svg/VGK_light.svg,Vegas Golden Knights,5,15,MTL-VGK,,LW,FIN,"6' 2""",USHL,Sioux City,195
140,Sasha Mutala,https://www.nhl.com/player/sasha-mutala-8481663,https://records.nhl.com/col/franchises/colorado-avalanche/draft-selections,https://assets.nhle.com/logos/nhl/svg/COL_light.svg,Colorado Avalanche,5,16,RW,RW,CAN,"6' 0""",200,WHL,Tri-City,
141,Mason Primeau,https://www.nhl.com/player/mason-primeau-8481664,https://records.nhl.com/vgk/franchises/vegas-golden-knights/draft-selections,https://assets.nhle.com/logos/nhl/svg/VGK_light.svg,Vegas Golden Knights,5,17,C,C,CAN,"6' 5""",205,OHL,North Bay,
142,Nicholas Porco,https://www.nhl.com/player/nicholas-porco-8481665,https://records.nhl.com/dal/franchises/dallas-stars/draft-selections,https://assets.nhle.com/logos/nhl/svg/DAL_20122013-20202021_light.svg,Dallas Stars,5,18,LW,LW,CAN,"5' 11""",177,OHL,Saginaw,
143,Filip Cederqvist,https://www.nhl.com/player/filip-cederqvist-8481722,https://records.nhl.com/buf/franchises/buffalo-sabres/draft-selections,https://assets.nhle.com/logos/nhl/svg/BUF_20102011-20192020_light.svg,Buffalo Sabres,5,19,CBJ-DET-BUF,,LW,SWE,"6' 1""",SWEDEN,Vaxjo,187
144,Logan Neaton,https://www.nhl.com/player/logan-neaton-8481748,https://records.nhl.com/wpg/franchises/winnipeg-jets/draft-selections,https://assets.nhle.com/logos/nhl/svg/WPG_light.svg,Winnipeg Jets,5,20,G,G,USA,"6' 3""",190,BCHL,Prince George,
145,Judd Caulfield,https://www.nhl.com/player/judd-caulfield-8481538,https://records.nhl.com/pit/franchises/pittsburgh-penguins/draft-selections,https://assets.nhle.com/logos/nhl/svg/PIT_light.svg,Pittsburgh Penguins,5,21,RW,RW,USA,"6' 3""",205,NTDP,USA U-18,
146,Michael Koster,https://www.nhl.com/player/michael-koster-8481565,https://records.nhl.com/tor/franchises/toronto-maple-leafs/draft-selections,https://assets.nhle.com/logos/nhl/svg/TOR_light.svg,Toronto Maple Leafs,5,22,D,D,USA,"5' 8""",172,HIGH-MN,Chaska,
147,Reece Newkirk,https://www.nhl.com/player/reece-newkirk-8481666,https://records.nhl.com/nyi/franchises/new-york-islanders/draft-selections,https://assets.nhle.com/logos/nhl/svg/NYI_light.svg,New York Islanders,5,23,C,C,CAN,"5' 10""",172,WHL,Portland,
148,Ethan Haider,https://www.nhl.com/player/ethan-haider-8481749,https://records.nhl.com/nsh/franchises/nashville-predators/draft-selections,https://assets.nhle.com/logos/nhl/svg/NSH_light.svg,Nashville Predators,5,24,G,G,USA,"6' 2""",200,NAHL,MN Magicians,
149,Matvey Guskov,https://www.nhl.com/player/matvey-guskov-8481586,https://records.nhl.com/min/franchises/minnesota-wild/draft-selections,https://assets.nhle.com/logos/nhl/svg/MIN_light.svg,Minnesota Wild,5,25,WSH-MTL-MIN,,C,RUS,"6' 1""",OHL,London,182
150,Joshua Nodler,https://www.nhl.com/player/joshua-nodler-8481723,https://records.nhl.com/cgy/franchises/calgary-flames/draft-selections,https://assets.nhle.com/logos/nhl/svg/CGY_19941995-20192020_light.svg,Calgary Flames,5,26,C,C,USA,"5' 11""",194,USHL,Fargo,
151,Aku Raty,https://www.nhl.com/player/aku-raty-8481699,https://records.nhl.com/ari/franchises/arizona-coyotes/draft-selections,https://assets.nhle.com/logos/nhl/svg/ARI_20142015-20202021_light.svg,Arizona Coyotes,5,27,TBL-CHI-PIT-ARI,,RW,FIN,"5' 11""",FINLAND-JR.,Karpat Jr.,170
152,Kirill Slepets,https://www.nhl.com/player/kirill-slepets-8481724,https://records.nhl.com/car/franchises/carolina-hurricanes/draft-selections,https://assets.nhle.com/logos/nhl/svg/CAR_light.svg,Carolina Hurricanes,5,28,RW,RW,RUS,"5' 10""",165,RUSSIA-JR.,Yaroslavl 2,
153,Martin Has,https://www.nhl.com/player/martin-has-8481700,https://records.nhl.com/wsh/franchises/washington-capitals/draft-selections,https://assets.nhle.com/logos/nhl/svg/WSH_light.svg,Washington Capitals,5,29,SJS-WSH,,D,CZE,"6' 4""",FINLAND-JR.,Tappara Jr.,192
154,Roman Bychkov,https://www.nhl.com/player/roman-bychkov-8481610,https://records.nhl.com/bos/franchises/boston-bruins/draft-selections,https://assets.nhle.com/logos/nhl/svg/BOS_20092010-20222023_light.svg,Boston Bruins,5,30,D,D,RUS,"5' 11""",170,RUSSIA-JR.,Yaroslavl 2,
155,Keean Washkurak,https://www.nhl.com/player/keean-washkurak-8481667,https://records.nhl.com/stl/franchises/st-louis-blues/draft-selections,https://assets.nhle.com/logos/nhl/svg/STL_light.svg,St. Louis Blues,5,31,C,C,CAN,"5' 10""",184,OHL,Mississauga,
156,Arturs Silovs,https://www.nhl.com/player/arturs-silovs-8481668,https://records.nhl.com/van/franchises/vancouver-canucks/draft-selections,https://assets.nhle.com/logos/nhl/svg/VAN_light.svg,Vancouver Canucks,6,1,OTT-VAN,,G,LVA,"6' 4""",RUSSIA-JR.,Riga 2,203
157,Braden Doyle,https://www.nhl.com/player/braden-doyle-8481750,https://records.nhl.com/lak/franchises/los-angeles-kings/draft-selections,https://assets.nhle.com/logos/nhl/svg/LAK_light.svg,Los Angeles Kings,6,2,D,D,USA,"5' 11""",162,HIGH-MA,Lawrence Academy,
158,Patrick Moynihan,https://www.nhl.com/player/patrick-moynihan-8481694,https://records.nhl.com/njd/franchises/new-jersey-devils/draft-selections,https://assets.nhle.com/logos/nhl/svg/NJD_light.svg,New Jersey Devils,6,3,RW,RW,USA,"5' 11""",183,NTDP,USA U-18,
159,Elmer Soderblom,https://www.nhl.com/player/elmer-soderblom-8481725,https://records.nhl.com/det/franchises/detroit-red-wings/draft-selections,https://assets.nhle.com/logos/nhl/svg/DET_light.svg,Detroit Red Wings,6,4,RW,RW,SWE,"6' 6""",219,SWEDEN-JR.,Frolunda Jr.,
160,Lukas Rousek,https://www.nhl.com/player/lukas-rousek-8481751,https://records.nhl.com/buf/franchises/buffalo-sabres/draft-selections,https://assets.nhle.com/logos/nhl/svg/BUF_20102011-20192020_light.svg,Buffalo Sabres,6,5,RW,RW,CZE,"5' 11""",165,CZREP,Sparta,
161,Adam Edstrom,https://www.nhl.com/player/adam-edstrom-8481726,https://records.nhl.com/nyr/franchises/new-york-rangers/draft-selections,https://assets.nhle.com/logos/nhl/svg/NYR_light.svg,New York Rangers,6,6,C,C,SWE,"6' 6""",209,SWEDEN-JR.,Mora Jr.,
162,Tomas Mazura,https://www.nhl.com/player/tomas-mazura-8481752,https://records.nhl.com/edm/franchises/edmonton-oilers/draft-selections,https://assets.nhle.com/logos/nhl/svg/EDM_20172018-20212022_light.svg,Edmonton Oilers,6,7,C,C,CZE,"6' 2""",170,HIGH-NH,Kimball Union Academy,
163,William Francis,https://www.nhl.com/player/william-francis-8481727,https://records.nhl.com/ana/franchises/anaheim-ducks/draft-selections,https://assets.nhle.com/logos/nhl/svg/ANA_light.svg,Anaheim Ducks,6,8,D,D,USA,"6' 4""",207,USHL,Cedar Rapids,
164,Timur Ibragimov,https://www.nhl.com/player/timur-ibragimov-8481669,https://records.nhl.com/sjs/franchises/san-jose-sharks/draft-selections,https://assets.nhle.com/logos/nhl/svg/SJS_light.svg,San Jose Sharks,6,9,VAN-SJS,,LW,RUS,"6' 1""",RUSSIA-JR.,SKA St. Petersburg 2,183
165,Egor Serdyuk,https://www.nhl.com/player/egor-serdyuk-8481670,https://records.nhl.com/phi/franchises/philadelphia-flyers/draft-selections,https://assets.nhle.com/logos/nhl/svg/PHI_19992000-20222023_light.svg,Philadelphia Flyers,6,10,RW,RW,RUS,"5' 10""",158,QMJHL,Victoriaville,
166,Marshall Warren,https://www.nhl.com/player/marshall-warren-8481569,https://records.nhl.com/min/franchises/minnesota-wild/draft-selections,https://assets.nhle.com/logos/nhl/svg/MIN_light.svg,Minnesota Wild,6,11,D,D,USA,"5' 11""",170,NTDP,USA U-18,
167,Dominic Basse,https://www.nhl.com/player/dominic-basse-8481753,https://records.nhl.com/chi/franchises/chicago-blackhawks/draft-selections,https://assets.nhle.com/logos/nhl/svg/CHI_light.svg,Chicago Blackhawks,6,12,G,G,USA,"6' 5""",179,HIGH-CT,Selects U18 - South Kent School,
168,Greg Meireles,https://www.nhl.com/player/greg-meireles-8480438,https://records.nhl.com/fla/franchises/florida-panthers/draft-selections,https://assets.nhle.com/logos/nhl/svg/FLA_light.svg,Florida Panthers,6,13,C,C,CAN,"5' 9""",186,OHL,Kitchener,
169,Roddy Ross,https://www.nhl.com/player/roddy-ross-8481671,https://records.nhl.com/phi/franchises/philadelphia-flyers/draft-selections,https://assets.nhle.com/logos/nhl/svg/PHI_19992000-20222023_light.svg,Philadelphia Flyers,6,14,ARI-PHI,,G,CAN,"6' 2""",WHL,Seattle,180
170,Arsen Khisamutdinov,https://www.nhl.com/player/arsen-khisamutdinov-8481672,https://records.nhl.com/mtl/franchises/montreal-canadiens/draft-selections,https://assets.nhle.com/logos/nhl/svg/MTL_light.svg,Montréal Canadiens,6,15,C,C,RUS,"6' 3""",205,RUSSIA-JR.,Nizhnekamsk 2,
171,Luka Burzan,https://www.nhl.com/player/luka-burzan-8481220,https://records.nhl.com/col/franchises/colorado-avalanche/draft-selections,https://assets.nhle.com/logos/nhl/svg/COL_light.svg,Colorado Avalanche,6,16,RW,RW,CAN,"6' 0""",184,WHL,Brandon,
172,Nikita Nesterenko,https://www.nhl.com/player/nikita-nesterenko-8481754,https://records.nhl.com/min/franchises/minnesota-wild/draft-selections,https://assets.nhle.com/logos/nhl/svg/MIN_light.svg,Minnesota Wild,6,17,VGK-MIN,,C,USA,"6' 0""",HIGH-NJ,Lawrenceville,157
173,Benjamin Brinkman,https://www.nhl.com/player/benjamin-brinkman-8481755,https://records.nhl.com/dal/franchises/dallas-stars/draft-selections,https://assets.nhle.com/logos/nhl/svg/DAL_20122013-20202021_light.svg,Dallas Stars,6,18,D,D,USA,"6' 0""",215,BIG10,Minnesota,
174,Danil Savunov,https://www.nhl.com/player/danil-savunov-8481673,https://records.nhl.com/ari/franchises/arizona-coyotes/draft-selections,https://assets.nhle.com/logos/nhl/svg/ARI_20142015-20202021_light.svg,Arizona Coyotes,6,19,CBJ-ARI,,LW,RUS,"5' 10""",RUSSIA-2,Penza,147
175,Karel Plasek,https://www.nhl.com/player/karel-plasek-8481728,https://records.nhl.com/van/franchises/vancouver-canucks/draft-selections,https://assets.nhle.com/logos/nhl/svg/VAN_light.svg,Vancouver Canucks,6,20,WPG-BUF-VAN,,RW,CZE,"5' 11""",CZREP,Brno,154
176,Anthony Romano,https://www.nhl.com/player/anthony-romano-8481729,https://records.nhl.com/ari/franchises/arizona-coyotes/draft-selections,https://assets.nhle.com/logos/nhl/svg/ARI_20142015-20202021_light.svg,Arizona Coyotes,6,21,PIT-ARI,,C,CAN,"5' 10""",USHL,Sioux Falls,182
177,Gustav Berglund,https://www.nhl.com/player/gustav-berglund-8481674,https://records.nhl.com/det/franchises/detroit-red-wings/draft-selections,https://assets.nhle.com/logos/nhl/svg/DET_light.svg,Detroit Red Wings,6,22,TOR-BUF-DET,,D,SWE,"6' 2""",SWE-JR. U18,Frolunda U18,194
178,Felix Bibeau,https://www.nhl.com/player/felix-bibeau-8481675,https://records.nhl.com/nyi/franchises/new-york-islanders/draft-selections,https://assets.nhle.com/logos/nhl/svg/NYI_light.svg,New York Islanders,6,23,C,C,CAN,"5' 11""",186,QMJHL,Rouyn-Noranda,
179,Isak Walther,https://www.nhl.com/player/isak-walther-8481730,https://records.nhl.com/nsh/franchises/nashville-predators/draft-selections,https://assets.nhle.com/logos/nhl/svg/NSH_light.svg,Nashville Predators,6,24,RW,RW,SWE,"6' 3""",170,SWE-JR. U18,Sodertalje U18,
180,Jack Malone,https://www.nhl.com/player/jack-malone-8481731,https://records.nhl.com/van/franchises/vancouver-canucks/draft-selections,https://assets.nhle.com/logos/nhl/svg/VAN_light.svg,Vancouver Canucks,6,25,WSH-VAN,,RW,USA,"6' 0""",USHL,Youngstown,191
181,Kevin Wall,https://www.nhl.com/player/kevin-wall-8481756,https://records.nhl.com/car/franchises/carolina-hurricanes/draft-selections,https://assets.nhle.com/logos/nhl/svg/CAR_light.svg,Carolina Hurricanes,6,26,CGY-CAR,,RW,USA,"6' 0""",BCHL,Chilliwack,188
182,Quinn Schmiemann,https://www.nhl.com/player/quinn-schmiemann-8481676,https://records.nhl.com/tbl/franchises/tampa-bay-lightning/draft-selections,https://assets.nhle.com/logos/nhl/svg/TBL_light.svg,Tampa Bay Lightning,6,27,D,D,CAN,"6' 1""",185,WHL,Kamloops,
183,Blake Murray,https://www.nhl.com/player/blake-murray-8481677,https://records.nhl.com/car/franchises/carolina-hurricanes/draft-selections,https://assets.nhle.com/logos/nhl/svg/CAR_light.svg,Carolina Hurricanes,6,28,C,C,CAN,"6' 1""",187,OHL,Sudbury,
184,Santeri Hatakka,https://www.nhl.com/player/santeri-hatakka-8481701,https://records.nhl.com/sjs/franchises/san-jose-sharks/draft-selections,https://assets.nhle.com/logos/nhl/svg/SJS_light.svg,San Jose Sharks,6,29,D,D,FIN,"6' 0""",174,FINLAND-JR.,Jokerit Jr.,
185,Matias Mantykivi,https://www.nhl.com/player/matias-mantykivi-8481702,https://records.nhl.com/bos/franchises/boston-bruins/draft-selections,https://assets.nhle.com/logos/nhl/svg/BOS_20092010-20222023_light.svg,Boston Bruins,6,30,C,C,FIN,"5' 11""",161,FINLAND-JR.,Saipa Jr.,
186,Mathew Hill,https://www.nhl.com/player/mathew-hill-8481678,https://records.nhl.com/ana/franchises/anaheim-ducks/draft-selections,https://assets.nhle.com/logos/nhl/svg/ANA_light.svg,Anaheim Ducks,6,31,STL-ANA,,D,CAN,"6' 4""",OHL,Barrie,197
187,Maxence Guenette,https://www.nhl.com/player/maxence-guenette-8481679,https://records.nhl.com/ott/franchises/ottawa-senators/draft-selections,https://assets.nhle.com/logos/nhl/svg/OTT_20072008-20192020_light.svg,Ottawa Senators,7,1,D,D,CAN,"6' 1""",181,QMJHL,Val d'Or,
188,Andre Lee,https://www.nhl.com/player/andre-lee-8481732,https://records.nhl.com/lak/franchises/los-angeles-kings/draft-selections,https://assets.nhle.com/logos/nhl/svg/LAK_light.svg,Los Angeles Kings,7,2,LW,LW,SWE,"6' 4""",206,USHL,Sioux Falls,
189,Nikola Pasic,https://www.nhl.com/player/nikola-pasic-8481733,https://records.nhl.com/njd/franchises/new-jersey-devils/draft-selections,https://assets.nhle.com/logos/nhl/svg/NJD_light.svg,New Jersey Devils,7,3,RW,RW,SWE,"5' 10""",187,SWEDEN-JR.,Linkoping Jr.,
190,Kirill Tyutyayev,https://www.nhl.com/player/kirill-tyutyayev-8481680,https://records.nhl.com/det/franchises/detroit-red-wings/draft-selections,https://assets.nhle.com/logos/nhl/svg/DET_light.svg,Detroit Red Wings,7,4,LW,LW,RUS,"5' 9""",146,RUSSIA-JR.,Yekaterinburg 2,
191,Carter Gylander,https://www.nhl.com/player/carter-gylander-8481757,https://records.nhl.com/det/franchises/detroit-red-wings/draft-selections,https://assets.nhle.com/logos/nhl/svg/DET_light.svg,Detroit Red Wings,7,5,BUF-DET,,G,CAN,"6' 5""",AJHL,Sherwood Park,171
192,Jake Schmaltz,https://www.nhl.com/player/jake-schmaltz-8481681,https://records.nhl.com/bos/franchises/boston-bruins/draft-selections,https://assets.nhle.com/logos/nhl/svg/BOS_20092010-20222023_light.svg,Boston Bruins,7,6,NYR-BOS,,LW,USA,"6' 0""",USHL,Chicago,167
193,Maxim Denezhkin,https://www.nhl.com/player/maxim-denezhkin-8481734,https://records.nhl.com/edm/franchises/edmonton-oilers/draft-selections,https://assets.nhle.com/logos/nhl/svg/EDM_20172018-20212022_light.svg,Edmonton Oilers,7,7,C,C,RUS,"5' 10""",165,RUSSIA-JR.,Yaroslavl 2,
194,Cole Moberg,https://www.nhl.com/player/cole-moberg-8481682,https://records.nhl.com/chi/franchises/chicago-blackhawks/draft-selections,https://assets.nhle.com/logos/nhl/svg/CHI_light.svg,Chicago Blackhawks,7,8,ANA-CHI,,D,CAN,"6' 2""",WHL,Prince George,187
195,Aidan McDonough,https://www.nhl.com/player/aidan-mcdonough-8481683,https://records.nhl.com/van/franchises/vancouver-canucks/draft-selections,https://assets.nhle.com/logos/nhl/svg/VAN_light.svg,Vancouver Canucks,7,9,LW,LW,USA,"6' 3""",190,USHL,Cedar Rapids,
196,Bryce Brodzinski,https://www.nhl.com/player/bryce-brodzinski-8481735,https://records.nhl.com/phi/franchises/philadelphia-flyers/draft-selections,https://assets.nhle.com/logos/nhl/svg/PHI_19992000-20222023_light.svg,Philadelphia Flyers,7,10,RW,RW,USA,"5' 11""",197,HIGH-MN,Blaine,
197,Filip Lindberg,https://www.nhl.com/player/filip-lindberg-8481758,https://records.nhl.com/min/franchises/minnesota-wild/draft-selections,https://assets.nhle.com/logos/nhl/svg/MIN_light.svg,Minnesota Wild,7,11,G,G,FIN,"6' 0""",180,H-EAST,U. Mass.,
198,Mikhail Shalagin,https://www.nhl.com/player/mikhail-shalagin-8481684,https://records.nhl.com/tbl/franchises/tampa-bay-lightning/draft-selections,https://assets.nhle.com/logos/nhl/svg/TBL_light.svg,Tampa Bay Lightning,7,12,CHI-TBL,,LW,RUS,"6' 4""",RUSSIA-JR.,Spartak 2,185
199,Matthew Wedman,https://www.nhl.com/player/matthew-wedman-8481685,https://records.nhl.com/fla/franchises/florida-panthers/draft-selections,https://assets.nhle.com/logos/nhl/svg/FLA_light.svg,Florida Panthers,7,13,C,C,CAN,"6' 2""",197,WHL,Seattle,
200,Axel Bergkvist,https://www.nhl.com/player/axel-bergkvist-8481686,https://records.nhl.com/ari/franchises/arizona-coyotes/draft-selections,https://assets.nhle.com/logos/nhl/svg/ARI_20142015-20202021_light.svg,Arizona Coyotes,7,14,D,D,SWE,"5' 9""",200,SWEDEN-JR.,Leksand Jr.,
201,Rafael Harvey-Pinard,https://www.nhl.com/player/rafael-harvey-pinard-8481093,https://records.nhl.com/mtl/franchises/montreal-canadiens/draft-selections,https://assets.nhle.com/logos/nhl/svg/MTL_light.svg,Montréal Canadiens,7,15,MTL-PHI-MTL,,LW,CAN,"5' 8""",QMJHL,Rouyn-Noranda,166
202,Trent Miner,https://www.nhl.com/player/trent-miner-8481529,https://records.nhl.com/col/franchises/colorado-avalanche/draft-selections,https://assets.nhle.com/logos/nhl/svg/COL_light.svg,Colorado Avalanche,7,16,G,G,CAN,"6' 1""",187,WHL,Vancouver,
203,Valtteri Puustinen,https://www.nhl.com/player/valtteri-puustinen-8481703,https://records.nhl.com/pit/franchises/pittsburgh-penguins/draft-selections,https://assets.nhle.com/logos/nhl/svg/PIT_light.svg,Pittsburgh Penguins,7,17,VGK-PIT,,RW,FIN,"5' 9""",FINLAND,HPK,183
204,Kalle Loponen,https://www.nhl.com/player/kalle-loponen-8481761,https://records.nhl.com/tor/franchises/toronto-maple-leafs/draft-selections,https://assets.nhle.com/logos/nhl/svg/TOR_light.svg,Toronto Maple Leafs,7,18,DAL-TOR,,D,FIN,"5' 9""",FINLAND-2,Hermes,186
205,Eric Ciccolini,https://www.nhl.com/player/eric-ciccolini-8481759,https://records.nhl.com/nyr/franchises/new-york-rangers/draft-selections,https://assets.nhle.com/logos/nhl/svg/NYR_light.svg,New York Rangers,7,19,CBJ-NYR,,RW,CAN,"5' 10""",OJHL,Toronto JC,160
206,Kieran Ruscheinski,https://www.nhl.com/player/kieran-ruscheinski-8481687,https://records.nhl.com/mtl/franchises/montreal-canadiens/draft-selections,https://assets.nhle.com/logos/nhl/svg/MTL_light.svg,Montréal Canadiens,7,20,WPG-MTL,,D,CAN,"6' 6""",AMHL,Calgary North Stars,201
207,Valentin Nussbaumer,https://www.nhl.com/player/valentin-nussbaumer-8481688,https://records.nhl.com/ari/franchises/arizona-coyotes/draft-selections,https://assets.nhle.com/logos/nhl/svg/ARI_20142015-20202021_light.svg,Arizona Coyotes,7,21,PIT-ARI,,C,CHE,"5' 10""",QMJHL,Shawinigan,165
208,Vadim Zherenko,https://www.nhl.com/player/vadim-zherenko-8481689,https://records.nhl.com/stl/franchises/st-louis-blues/draft-selections,https://assets.nhle.com/logos/nhl/svg/STL_light.svg,St. Louis Blues,7,22,TOR-STL,,G,RUS,"6' 1""",RUSSIA-JR.,Dynamo Moscow 2,176
209,Cole Coskey,https://www.nhl.com/player/cole-coskey-8480371,https://records.nhl.com/nyi/franchises/new-york-islanders/draft-selections,https://assets.nhle.com/logos/nhl/svg/NYI_light.svg,New York Islanders,7,23,RW,RW,USA,"6' 0""",198,OHL,Saginaw,
210,Juuso Parssinen,https://www.nhl.com/player/juuso-parssinen-8481704,https://records.nhl.com/nsh/franchises/nashville-predators/draft-selections,https://assets.nhle.com/logos/nhl/svg/NSH_light.svg,Nashville Predators,7,24,C,C,FIN,"6' 2""",203,FINLAND-JR.,TPS Jr.,
211,Santeri Airola,https://www.nhl.com/player/santeri-airola-8481705,https://records.nhl.com/pit/franchises/pittsburgh-penguins/draft-selections,https://assets.nhle.com/logos/nhl/svg/PIT_light.svg,Pittsburgh Penguins,7,25,WSH-SJS-PIT,,D,FIN,"5' 11""",FINLAND-JR.,Saipa Jr.,163
212,Tyler Angle,https://www.nhl.com/player/tyler-angle-8481690,https://records.nhl.com/cbj/franchises/columbus-blue-jackets/draft-selections,https://assets.nhle.com/logos/nhl/svg/CBJ_light.svg,Columbus Blue Jackets,7,26,CGY-OTT-CBJ,,C,CAN,"5' 9""",OHL,Windsor,167
213,McKade Webster,https://www.nhl.com/player/mckade-webster-8481691,https://records.nhl.com/tbl/franchises/tampa-bay-lightning/draft-selections,https://assets.nhle.com/logos/nhl/svg/TBL_light.svg,Tampa Bay Lightning,7,27,LW,LW,USA,"5' 10""",167,USHL,Green Bay,
214,Dustin Wolf,https://www.nhl.com/player/dustin-wolf-8481692,https://records.nhl.com/cgy/franchises/calgary-flames/draft-selections,https://assets.nhle.com/logos/nhl/svg/CGY_19941995-20192020_light.svg,Calgary Flames,7,28,CAR-CGY,,G,USA,"5' 11""",WHL,Everett,156
215,Arvid Costmar,https://www.nhl.com/player/arvid-costmar-8481736,https://records.nhl.com/van/franchises/vancouver-canucks/draft-selections,https://assets.nhle.com/logos/nhl/svg/VAN_light.svg,Vancouver Canucks,7,29,SJS-VAN,,C,SWE,"5' 10""",SWEDEN-JR.,Linkoping Jr.,180
216,Massimo Rizzo,https://www.nhl.com/player/massimo-rizzo-8481760,https://records.nhl.com/car/franchises/carolina-hurricanes/draft-selections,https://assets.nhle.com/logos/nhl/svg/CAR_light.svg,Carolina Hurricanes,7,30,BOS-NYR-CAR,,C,CAN,"5' 10""",BCHL,Penticton,175
217,Jeremy Michel,https://www.nhl.com/player/jeremy-michel-8481693,https://records.nhl.com/stl/franchises/st-louis-blues/draft-selections,https://assets.nhle.com/logos/nhl/svg/STL_light.svg,St. Louis Blues,7,31,LW,LW,CAN,"6' 0""",165,QMJHL,Val d'Or,
